source,rid,split
Abt,552,dev
Abt,580,test
Abt,4696,test
Abt,5644,dev
Abt,6284,test
Abt,6493,dev
Abt,6726,test
Abt,6742,dev
Abt,7195,test
Abt,7783,test
Abt,7936,test
Abt,8060,dev
Abt,8552,test
Abt,9071,dev
Abt,9312,test
Abt,9314,test
Abt,9355,test
Abt,9546,dev
Abt,9646,dev
Abt,10101,dev
Abt,10102,test
Abt,10640,test
Abt,11338,test
Abt,11801,test
Abt,13155,test
Abt,13202,dev
Abt,13213,dev
Abt,13580,dev
Abt,13581,test
Abt,13700,test
Abt,13701,test
Abt,13945,dev
Abt,13954,test
Abt,13996,dev
Abt,14033,test
Abt,14061,test
Abt,14070,dev
Abt,14563,dev
Abt,14715,test
Abt,15046,dev
Abt,15452,test
Abt,16000,test
Abt,16003,dev
Abt,16112,dev
Abt,16309,test
Abt,16329,test
Abt,16394,test
Abt,16668,dev
Abt,16669,test
Abt,16741,dev
Abt,16758,test
Abt,16765,test
Abt,16774,dev
Abt,16877,test
Abt,17067,test
Abt,17094,test
Abt,17187,dev
Abt,17191,dev
Abt,17220,test
Abt,17372,dev
Abt,17417,test
Abt,17479,dev
Abt,17596,test
Abt,17653,test
Abt,17872,dev
Abt,17873,test
Abt,17906,test
Abt,18040,test
Abt,18087,dev
Abt,18202,test
Abt,18441,dev
Abt,18516,test
Abt,18524,test
Abt,18564,test
Abt,18567,test
Abt,18837,test
Abt,18960,test
Abt,18970,dev
Abt,19112,dev
Abt,19132,dev
Abt,19141,test
Abt,19204,test
Abt,19358,test
Abt,19604,dev
Abt,19628,dev
Abt,19631,dev
Abt,19672,dev
Abt,19676,test
Abt,20447,test
Abt,20448,test
Abt,20450,dev
Abt,20453,test
Abt,20454,test
Abt,20458,dev
Abt,20459,test
Abt,20461,dev
Abt,20466,dev
Abt,20532,test
Abt,20534,test
Abt,21047,dev
Abt,21175,test
Abt,21182,test
Abt,21267,dev
Abt,21268,dev
Abt,21297,dev
Abt,21554,test
Abt,21875,dev
Abt,21989,test
Abt,22042,dev
Abt,22100,test
Abt,22101,test
Abt,22187,dev
Abt,22212,test
Abt,22242,test
Abt,22306,test
Abt,22382,test
Abt,22558,test
Abt,22727,test
Abt,22729,test
Abt,22798,dev
Abt,22940,dev
Abt,23006,test
Abt,23097,test
Abt,23246,dev
Abt,23296,test
Abt,23325,test
Abt,23347,dev
Abt,23349,dev
Abt,23350,test
Abt,23519,dev
Abt,23537,dev
Abt,23635,test
Abt,23651,dev
Abt,23658,test
Abt,23686,test
Abt,23837,dev
Abt,23864,dev
Abt,23965,test
Abt,24034,dev
Abt,24153,dev
Abt,24316,dev
Abt,24346,test
Abt,24368,test
Abt,24386,test
Abt,24402,dev
Abt,24493,dev
Abt,24571,test
Abt,24572,test
Abt,24615,test
Abt,24648,dev
Abt,24693,test
Abt,24789,test
Abt,24825,dev
Abt,24921,test
Abt,24937,dev
Abt,25036,test
Abt,25111,dev
Abt,25113,dev
Abt,25136,test
Abt,25167,test
Abt,25262,dev
Abt,25291,test
Abt,25318,test
Abt,25364,dev
Abt,25388,test
Abt,25413,test
Abt,25532,test
Abt,25550,dev
Abt,25670,test
Abt,25732,dev
Abt,25749,test
Abt,25776,test
Abt,25788,test
Abt,25797,test
Abt,25813,dev
Abt,25814,dev
Abt,25829,test
Abt,25855,test
Abt,25857,dev
Abt,25858,test
Abt,25902,dev
Abt,25905,test
Abt,25950,test
Abt,25990,test
Abt,26059,dev
Abt,26082,dev
Abt,26117,dev
Abt,26137,test
Abt,26241,dev
Abt,26310,test
Abt,26346,test
Abt,26350,dev
Abt,26444,test
Abt,26445,test
Abt,26461,dev
Abt,26525,dev
Abt,26563,dev
Abt,26615,test
Abt,26617,test
Abt,26622,dev
Abt,26695,dev
Abt,26805,test
Abt,26861,test
Abt,26891,dev
Abt,26929,dev
Abt,26930,test
Abt,27091,dev
Abt,27103,dev
Abt,27137,test
Abt,27182,dev
Abt,27186,dev
Abt,27188,test
Abt,27194,dev
Abt,27197,test
Abt,27248,test
Abt,27364,dev
Abt,27391,test
Abt,27407,test
Abt,27479,test
Abt,27501,dev
Abt,27589,test
Abt,27719,dev
Abt,27729,test
Abt,27739,test
Abt,27771,test
Abt,27778,dev
Abt,27779,test
Abt,27783,test
Abt,27789,dev
Abt,27793,test
Abt,27810,dev
Abt,27840,test
Abt,27853,dev
Abt,27857,dev
Abt,27920,dev
Abt,27964,test
Abt,27965,test
Abt,27975,test
Abt,27985,test
Abt,28020,test
Abt,28033,test
Abt,28059,test
Abt,28067,test
Abt,28137,test
Abt,28138,test
Abt,28148,dev
Abt,28149,dev
Abt,28175,test
Abt,28180,dev
Abt,28190,test
Abt,28205,test
Abt,28225,test
Abt,28256,dev
Abt,28272,test
Abt,28304,dev
Abt,28340,test
Abt,28350,dev
Abt,28366,test
Abt,28397,dev
Abt,28433,test
Abt,28500,test
Abt,28554,dev
Abt,28650,test
Abt,28951,test
Abt,28963,dev
Abt,28971,dev
Abt,28978,dev
Abt,28979,dev
Abt,28980,test
Abt,28981,test
Abt,28982,test
Abt,29007,dev
Abt,29008,test
Abt,29029,test
Abt,29032,test
Abt,29072,test
Abt,29099,test
Abt,29133,test
Abt,29228,test
Abt,29231,test
Abt,29238,dev
Abt,29272,test
Abt,29273,test
Abt,29304,test
Abt,29338,test
Abt,29339,test
Abt,29392,test
Abt,29464,test
Abt,29493,dev
Abt,29574,test
Abt,29612,dev
Abt,29677,dev
Abt,29758,dev
Abt,29806,test
Abt,29816,test
Abt,29820,test
Abt,29823,test
Abt,29825,dev
Abt,29827,dev
Abt,29829,dev
Abt,29861,dev
Abt,29865,test
Abt,29866,dev
Abt,29880,test
Abt,29892,test
Abt,29902,test
Abt,29906,test
Abt,29933,test
Abt,29950,test
Abt,30058,test
Abt,30093,dev
Abt,30134,dev
Abt,30158,dev
Abt,30159,test
Abt,30196,dev
Abt,30197,test
Abt,30203,test
Abt,30206,dev
Abt,30219,dev
Abt,30338,test
Abt,30343,test
Abt,30355,test
Abt,30389,test
Abt,30436,test
Abt,30453,test
Abt,30457,test
Abt,30533,test
Abt,30575,test
Abt,30585,dev
Abt,30590,test
Abt,30591,dev
Abt,30593,test
Abt,30594,test
Abt,30602,test
Abt,30603,test
Abt,30680,dev
Abt,30708,test
Abt,30734,test
Abt,30808,dev
Abt,30841,test
Abt,30867,dev
Abt,30939,test
Abt,30951,test
Abt,30955,test
Abt,30957,dev
Abt,30962,dev
Abt,31014,test
Abt,31020,dev
Abt,31030,dev
Abt,31032,test
Abt,31176,dev
Abt,31273,test
Abt,31284,dev
Abt,31332,dev
Abt,31337,test
Abt,31373,test
Abt,31374,dev
Abt,31392,dev
Abt,31397,test
Abt,31414,test
Abt,31596,test
Abt,31635,test
Abt,31813,dev
Abt,31830,dev
Abt,31836,dev
Abt,31881,test
Abt,31887,dev
Abt,31924,test
Abt,31954,test
Abt,31956,dev
Abt,31970,test
Abt,31992,dev
Abt,32005,test
Abt,32017,dev
Abt,32022,test
Abt,32027,test
Abt,32033,test
Abt,32034,dev
Abt,32054,test
Abt,32055,test
Abt,32059,test
Abt,32112,dev
Abt,32150,dev
Abt,32187,test
Abt,32193,test
Abt,32226,dev
Abt,32228,test
Abt,32279,dev
Abt,32280,test
Abt,32314,test
Abt,32315,dev
Abt,32322,test
Abt,32323,dev
Abt,32340,dev
Abt,32358,test
Abt,32384,dev
Abt,32395,test
Abt,32405,test
Abt,32416,test
Abt,32431,test
Abt,32488,test
Abt,32493,test
Abt,32512,test
Abt,32546,test
Abt,32560,test
Abt,32561,dev
Abt,32563,dev
Abt,32579,test
Abt,32584,dev
Abt,32625,test
Abt,32628,dev
Abt,32630,dev
Abt,32653,dev
Abt,32664,dev
Abt,32688,test
Abt,32744,test
Abt,32874,test
Abt,32875,test
Abt,32876,test
Abt,32877,test
Abt,32878,test
Abt,32880,dev
Abt,32882,test
Abt,32889,dev
Abt,32893,test
Abt,32906,dev
Abt,32984,test
Abt,32986,test
Abt,32990,test
Abt,33021,test
Abt,33024,dev
Abt,33026,dev
Abt,33044,dev
Abt,33045,dev
Abt,33047,test
Abt,33053,test
Abt,33057,dev
Abt,33081,test
Abt,33150,test
Abt,33157,test
Abt,33158,test
Abt,33159,dev
Abt,33160,dev
Abt,33161,test
Abt,33175,test
Abt,33177,dev
Abt,33209,test
Abt,33219,test
Abt,33220,dev
Abt,33263,dev
Abt,33271,test
Abt,33272,test
Abt,33273,dev
Abt,33275,dev
Abt,33276,test
Abt,33277,test
Abt,33278,test
Abt,33279,test
Abt,33280,test
Abt,33298,test
Abt,33326,test
Abt,33327,test
Abt,33377,dev
Abt,33382,dev
Abt,33431,test
Abt,33437,test
Abt,33438,test
Abt,33439,test
Abt,33440,dev
Abt,33443,dev
Abt,33444,test
Abt,33452,test
Abt,33453,test
Abt,33455,dev
Abt,33458,dev
Abt,33464,test
Abt,33467,dev
Abt,33471,dev
Abt,33472,test
Abt,33476,dev
Abt,33477,test
Abt,33478,test
Abt,33485,test
Abt,33488,dev
Abt,33490,dev
Abt,33493,dev
Abt,33496,test
Abt,33498,test
Abt,33499,dev
Abt,33508,dev
Abt,33510,dev
Abt,33522,test
Abt,33532,test
Abt,33536,test
Abt,33537,test
Abt,33562,dev
Abt,33563,test
Abt,33564,test
Abt,33566,test
Abt,33569,test
Abt,33581,dev
Abt,33582,test
Abt,33586,test
Abt,33591,dev
Abt,33595,dev
Abt,33600,test
Abt,33601,dev
Abt,33612,test
Abt,33625,dev
Abt,33630,test
Abt,33637,test
Abt,33638,dev
Abt,33639,test
Abt,33640,test
Abt,33643,dev
Abt,33645,test
Abt,33653,dev
Abt,33662,dev
Abt,33664,test
Abt,33668,dev
Abt,33669,dev
Abt,33670,test
Abt,33671,test
Abt,33690,test
Abt,33713,test
Abt,33717,test
Abt,33723,dev
Abt,33726,dev
Abt,33758,test
Abt,33763,test
Abt,33765,dev
Abt,33767,test
Abt,33769,test
Abt,33784,test
Abt,33786,dev
Abt,33788,dev
Abt,33790,test
Abt,33801,dev
Abt,33804,test
Abt,33831,dev
Abt,33863,dev
Abt,33864,dev
Abt,33883,test
Abt,33908,test
Abt,33921,dev
Abt,33922,test
Abt,33924,dev
Abt,33931,dev
Abt,33936,dev
Abt,33938,test
Abt,33948,test
Abt,33950,test
Abt,33955,test
Abt,33962,test
Abt,33965,test
Abt,33966,test
Abt,33967,test
Abt,33971,test
Abt,33972,test
Abt,33985,test
Abt,33997,test
Abt,33998,test
Abt,33999,dev
Abt,34000,test
Abt,34001,test
Abt,34002,test
Abt,34003,test
Abt,34004,test
Abt,34007,dev
Abt,34009,test
Abt,34012,dev
Abt,34016,dev
Abt,34021,dev
Abt,34031,test
Abt,34033,dev
Abt,34036,dev
Abt,34056,test
Abt,34065,dev
Abt,34076,test
Abt,34089,test
Abt,34091,test
Abt,34092,dev
Abt,34093,test
Abt,34095,test
Abt,34096,test
Abt,34102,test
Abt,34119,dev
Abt,34125,test
Abt,34126,test
Abt,34127,test
Abt,34130,dev
Abt,34135,test
Abt,34136,dev
Abt,34150,test
Abt,34151,test
Abt,34153,dev
Abt,34154,dev
Abt,34156,test
Abt,34158,test
Abt,34165,test
Abt,34174,dev
Abt,34218,dev
Abt,34220,test
Abt,34227,test
Abt,34253,test
Abt,34256,test
Abt,34258,test
Abt,34260,test
Abt,34263,dev
Abt,34266,dev
Abt,34278,test
Abt,34280,test
Abt,34282,test
Abt,34286,test
Abt,34298,test
Abt,34300,test
Abt,34301,dev
Abt,34303,test
Abt,34304,dev
Abt,34309,test
Abt,34349,test
Abt,34361,dev
Abt,34363,test
Abt,34370,test
Abt,34378,test
Abt,34379,test
Abt,34392,test
Abt,34393,dev
Abt,34395,dev
Abt,34401,test
Abt,34424,test
Abt,34442,test
Abt,34454,dev
Abt,34465,dev
Abt,34476,test
Abt,34490,dev
Abt,34496,test
Abt,34548,test
Abt,34552,dev
Abt,34553,test
Abt,34557,dev
Abt,34559,test
Abt,34595,test
Abt,34609,dev
Abt,34610,test
Abt,34624,dev
Abt,34637,test
Abt,34638,test
Abt,34640,test
Abt,34648,dev
Abt,34657,dev
Abt,34659,dev
Abt,34661,test
Abt,34662,dev
Abt,34666,test
Abt,34697,test
Abt,34708,dev
Abt,34719,test
Abt,34723,dev
Abt,34724,dev
Abt,34725,dev
Abt,34727,dev
Abt,34728,test
Abt,34747,test
Abt,34751,test
Abt,34754,test
Abt,34770,dev
Abt,34791,test
Abt,34815,dev
Abt,34824,dev
Abt,34829,test
Abt,34831,dev
Abt,34836,test
Abt,34848,dev
Abt,34854,dev
Abt,34858,test
Abt,34860,dev
Abt,34864,test
Abt,34878,dev
Abt,34880,test
Abt,34881,dev
Abt,34883,test
Abt,34894,dev
Abt,34895,dev
Abt,34897,dev
Abt,34899,test
Abt,34901,test
Abt,34904,test
Abt,34905,dev
Abt,34926,test
Abt,34927,test
Abt,34928,test
Abt,34934,test
Abt,34937,test
Abt,34941,test
Abt,34944,dev
Abt,34945,dev
Abt,34946,dev
Abt,34947,test
Abt,34948,dev
Abt,34959,dev
Abt,34960,test
Abt,34961,dev
Abt,34962,test
Abt,34963,test
Abt,34966,test
Abt,34968,test
Abt,34969,test
Abt,34976,test
Abt,34981,test
Abt,34998,test
Abt,35010,test
Abt,35011,test
Abt,35012,test
Abt,35014,dev
Abt,35018,dev
Abt,35019,dev
Abt,35022,dev
Abt,35024,test
Abt,35031,dev
Abt,35033,dev
Abt,35034,test
Abt,35035,dev
Abt,35044,test
Abt,35045,test
Abt,35052,test
Abt,35054,test
Abt,35060,dev
Abt,35111,test
Abt,35153,test
Abt,35165,test
Abt,35175,dev
Abt,35183,test
Abt,35185,test
Abt,35186,test
Abt,35190,test
Abt,35194,test
Abt,35201,test
Abt,35216,test
Abt,35218,test
Abt,35219,test
Abt,35226,test
Abt,35231,dev
Abt,35237,test
Abt,35247,dev
Abt,35276,dev
Abt,35277,dev
Abt,35282,dev
Abt,35305,dev
Abt,35306,test
Abt,35308,test
Abt,35309,test
Abt,35332,test
Abt,35334,dev
Abt,35384,test
Abt,35388,dev
Abt,35415,test
Abt,35431,test
Abt,35467,test
Abt,35475,test
Abt,35477,dev
Abt,35485,test
Abt,35498,test
Abt,35519,dev
Abt,35525,test
Abt,35530,test
Abt,35552,test
Abt,35591,test
Abt,35623,test
Abt,35662,test
Abt,35663,dev
Abt,35666,test
Abt,35680,test
Abt,35693,dev
Abt,35694,test
Abt,35738,test
Abt,35748,dev
Abt,35800,test
Abt,35810,test
Abt,35843,dev
Abt,35851,dev
Abt,35853,test
Abt,35872,dev
Abt,35877,test
Abt,35900,dev
Abt,35903,test
Abt,35905,dev
Abt,35925,test
Abt,35981,dev
Abt,35983,test
Abt,35987,dev
Abt,35990,dev
Abt,36001,test
Abt,36020,dev
Abt,36021,dev
Abt,36022,dev
Abt,36023,test
Abt,36027,test
Abt,36029,dev
Abt,36033,test
Abt,36052,test
Abt,36053,test
Abt,36061,test
Abt,36077,test
Abt,36080,dev
Abt,36083,dev
Abt,36084,test
Abt,36097,test
Abt,36102,test
Abt,36117,test
Abt,36118,dev
Abt,36123,dev
Abt,36124,test
Abt,36127,test
Abt,36142,test
Abt,36143,test
Abt,36149,dev
Abt,36151,dev
Abt,36161,dev
Abt,36168,dev
Abt,36169,dev
Abt,36172,dev
Abt,36197,dev
Abt,36207,test
Abt,36243,dev
Abt,36249,dev
Abt,36258,test
Abt,36260,test
Abt,36264,dev
Abt,36270,test
Abt,36274,dev
Abt,36286,test
Abt,36295,test
Abt,36299,dev
Abt,36305,test
Abt,36308,test
Abt,36309,test
Abt,36345,dev
Abt,36361,test
Abt,36364,test
Abt,36365,dev
Abt,36367,test
Abt,36381,dev
Abt,36383,dev
Abt,36388,test
Abt,36430,test
Abt,36446,dev
Abt,36450,test
Abt,36451,test
Abt,36452,dev
Abt,36454,dev
Abt,36456,dev
Abt,36458,dev
Abt,36471,dev
Abt,36494,test
Abt,36502,dev
Abt,36507,test
Abt,36515,test
Abt,36556,test
Abt,36607,dev
Abt,36617,dev
Abt,36620,test
Abt,36635,dev
Abt,36636,test
Abt,36637,dev
Abt,36705,test
Abt,36718,test
Abt,36722,test
Abt,36746,test
Abt,36761,test
Abt,36789,test
Abt,36796,test
Abt,36803,test
Abt,36808,test
Abt,36811,dev
Abt,36812,dev
Abt,36816,test
Abt,36824,test
Abt,36859,dev
Abt,36861,test
Abt,36862,test
Abt,36864,dev
Abt,36906,test
Abt,36909,dev
Abt,36931,dev
Abt,36957,dev
Abt,36962,dev
Abt,36969,dev
Abt,36988,dev
Abt,36990,dev
Abt,36993,dev
Abt,36999,test
Abt,37010,test
Abt,37039,dev
Abt,37045,test
Abt,37052,dev
Abt,37054,test
Abt,37055,dev
Abt,37078,test
Abt,37087,dev
Abt,37091,test
Abt,37110,test
Abt,37120,test
Abt,37123,test
Abt,37139,dev
Abt,37141,test
Abt,37142,test
Abt,37145,test
Abt,37150,test
Abt,37162,dev
Abt,37174,test
Abt,37181,test
Abt,37182,test
Abt,37183,dev
Abt,37187,test
Abt,37192,test
Abt,37196,test
Abt,37198,test
Abt,37201,test
Abt,37202,test
Abt,37207,test
Abt,37208,dev
Abt,37210,test
Abt,37211,dev
Abt,37231,test
Abt,37235,test
Abt,37254,dev
Abt,37257,test
Abt,37287,test
Abt,37293,dev
Abt,37301,test
Abt,37308,test
Abt,37309,dev
Abt,37310,test
Abt,37311,dev
Abt,37322,test
Abt,37331,test
Abt,37340,dev
Abt,37354,dev
Abt,37360,dev
Abt,37403,test
Abt,37404,dev
Abt,37405,test
Abt,37421,dev
Abt,37457,dev
Abt,37462,dev
Abt,37468,test
Abt,37469,test
Abt,37474,test
Abt,37477,test
Abt,37495,dev
Abt,37496,test
Abt,37497,test
Abt,37499,dev
Abt,37531,test
Abt,37539,dev
Abt,37558,dev
Abt,37589,test
Abt,37606,test
Abt,37623,dev
Abt,37646,test
Abt,37648,dev
Abt,37650,test
Abt,37652,test
Abt,37686,test
Abt,37716,dev
Abt,37722,dev
Abt,37749,dev
Abt,37767,dev
Abt,37796,dev
Abt,37803,dev
Abt,37805,dev
Abt,37807,test
Abt,37808,test
Abt,37810,dev
Abt,37811,dev
Abt,37812,test
Abt,37825,dev
Abt,37856,test
Abt,37859,test
Abt,37872,dev
Abt,37877,dev
Abt,37878,test
Abt,37893,dev
Abt,37907,dev
Abt,37915,dev
Abt,37934,test
Abt,37964,test
Abt,38001,dev
Abt,38003,test
Abt,38008,dev
Abt,38096,dev
Abt,38098,dev
Abt,38106,dev
Abt,38108,dev
Abt,38127,test
Abt,38129,test
Abt,38142,test
Abt,38164,test
Abt,38173,test
Abt,38208,test
Abt,38214,dev
Abt,38221,test
Abt,38231,test
Abt,38278,dev
Abt,38295,test
Abt,38296,test
Abt,38323,test
Abt,38324,test
Abt,38327,dev
Abt,38329,test
Abt,38343,dev
Abt,38345,test
Abt,38346,test
Abt,38388,test
Abt,38399,dev
Abt,38400,dev
Abt,38434,test
Abt,38449,test
Abt,38451,test
Abt,38452,test
Abt,38455,test
Abt,38457,dev
Abt,38466,dev
Abt,38468,test
Abt,38473,test
Abt,38474,dev
Abt,38475,dev
Abt,38477,dev
Abt,38480,test
Abt,38483,test
Abt,38486,test
Abt,38492,dev
Abt,38500,test
Abt,38507,test
Abt,38511,test
Abt,38522,test
Abt,38550,test
Abt,38574,test
Abt,38587,test
Abt,38619,dev
Abt,38640,test
Abt,38644,dev
Abt,38653,test
Abt,38693,dev
Abt,38697,test
Abt,38704,test
Abt,38726,test
Abt,38733,test
Abt,38735,test
Abt,38751,test
Abt,38767,test
Abt,38773,test
Abt,38777,test
Abt,38781,test
Abt,38782,test
Abt,38784,dev
Abt,38794,dev
Abt,38796,dev
Abt,38798,test
Abt,38800,dev
Abt,38806,dev
Abt,38813,dev
Abt,38826,dev
Abt,38831,dev
Abt,38834,dev
Abt,38873,dev
Abt,38876,test
Abt,38880,dev
Abt,38920,dev
Abt,38939,test
Abt,38944,dev
Abt,38957,test
Abt,39038,test
Abt,39039,test
Abt,39054,dev
Abt,39088,test
Abt,39090,test
Abt,39175,test
Abt,39176,test
Abt,39179,test
Buy,10011646,dev
Buy,10140760,dev
Buy,10221960,test
Buy,10246269,test
Buy,10315184,dev
Buy,10316920,test
Buy,10326220,test
Buy,10333368,dev
Buy,10333846,test
Buy,10333848,test
Buy,10343605,dev
Buy,10346525,dev
Buy,10351869,test
Buy,10353206,test
Buy,10360978,test
Buy,10363070,test
Buy,10363243,dev
Buy,10365096,test
Buy,10373002,dev
Buy,10376165,test
Buy,10377226,test
Buy,10379358,dev
Buy,10380060,test
Buy,10382243,test
Buy,10388980,test
Buy,10412590,test
Buy,10412788,test
Buy,50009858,dev
Buy,50012447,test
Buy,50012453,dev
Buy,50017228,dev
Buy,90049752,dev
Buy,90049795,test
Buy,90049928,test
Buy,90104307,test
Buy,90105056,dev
Buy,90105156,test
Buy,90105458,test
Buy,90105654,test
Buy,90106172,dev
Buy,90106210,test
Buy,90108521,test
Buy,90109367,test
Buy,90111702,test
Buy,90114398,test
Buy,90114631,test
Buy,90120953,test
Buy,90125772,dev
Buy,90125786,test
Buy,90128026,test
Buy,90128649,test
Buy,90131741,test
Buy,90131941,test
Buy,90132241,dev
Buy,90136420,test
Buy,90137168,test
Buy,90138520,test
Buy,90138537,test
Buy,90138609,test
Buy,90139261,test
Buy,90139585,test
Buy,90139860,dev
Buy,90140166,test
Buy,90140203,test
Buy,90140498,test
Buy,90141074,test
Buy,90141687,test
Buy,90142591,test
Buy,90144996,test
Buy,90144998,test
Buy,90145444,dev
Buy,90145560,test
Buy,90145561,dev
Buy,90145568,test
Buy,90145584,test
Buy,90145586,test
Buy,90145909,test
Buy,90145972,dev
Buy,90146847,dev
Buy,90148258,dev
Buy,90148541,dev
Buy,200924629,dev
Buy,201647442,test
Buy,201692648,test
Buy,201692660,dev
Buy,201692665,test
Buy,201692677,test
Buy,201692679,dev
Buy,201692695,dev
Buy,201692705,test
Buy,201699873,test
Buy,201700823,dev
Buy,201701865,test
Buy,201744288,test
Buy,201854347,dev
Buy,201935116,test
Buy,201935171,test
Buy,201953021,dev
Buy,201953025,test
Buy,201953026,test
Buy,201953029,dev
Buy,201953039,test
Buy,201959840,dev
Buy,201965217,dev
Buy,202003159,test
Buy,202026554,dev
Buy,202041195,dev
Buy,202041204,dev
Buy,202045862,dev
Buy,202045875,test
Buy,202046565,dev
Buy,202049393,test
Buy,202067544,test
Buy,202070149,dev
Buy,202070807,test
Buy,202104453,test
Buy,202106724,dev
Buy,202125720,dev
Buy,202139744,test
Buy,202139765,test
Buy,202143942,dev
Buy,202143947,test
Buy,202145734,dev
Buy,202238311,dev
Buy,202291459,test
Buy,202293522,test
Buy,202434158,test
Buy,202451162,test
Buy,202456880,test
Buy,202456903,test
Buy,202472204,dev
Buy,202473822,test
Buy,202479411,dev
Buy,202479417,dev
Buy,202479418,test
Buy,202486964,test
Buy,202502745,test
Buy,202515446,test
Buy,202537952,dev
Buy,202537962,test
Buy,202537967,test
Buy,202537969,test
Buy,202592070,test
Buy,202592699,test
Buy,202619749,test
Buy,202635467,dev
Buy,202635701,test
Buy,202755491,test
Buy,202778257,dev
Buy,202778315,dev
Buy,202784218,test
Buy,202784323,dev
Buy,202785722,dev
Buy,202812567,test
Buy,202812620,test
Buy,202812646,dev
Buy,202813304,test
Buy,202827677,test
Buy,202827684,test
Buy,202827713,dev
Buy,202827715,test
Buy,202845629,dev
Buy,202861078,test
Buy,202870170,test
Buy,202870171,test
Buy,202870172,test
Buy,202870173,test
Buy,202870174,dev
Buy,202870177,dev
Buy,202870184,test
Buy,202870448,dev
Buy,202882380,test
Buy,202899626,test
Buy,202899996,test
Buy,202899998,test
Buy,202900002,test
Buy,202900025,dev
Buy,202900030,dev
Buy,202900041,dev
Buy,202900227,test
Buy,202916534,dev
Buy,202916547,dev
Buy,202973389,dev
Buy,202973396,dev
Buy,202985798,dev
Buy,202985803,dev
Buy,202985806,dev
Buy,202985950,test
Buy,202989028,dev
Buy,203017911,test
Buy,203017912,dev
Buy,203017999,dev
Buy,203021705,test
Buy,203022202,test
Buy,203022472,test
Buy,203023505,dev
Buy,203024425,test
Buy,203024998,dev
Buy,203025174,dev
Buy,203025423,test
Buy,203025446,dev
Buy,203025617,dev
Buy,203065730,test
Buy,203069939,dev
Buy,203086405,dev
Buy,203086857,test
Buy,203087319,dev
Buy,203087638,test
Buy,203087681,test
Buy,203087865,dev
Buy,203088013,dev
Buy,203111113,dev
Buy,203111424,test
Buy,203111433,test
Buy,203131412,dev
Buy,203131413,dev
Buy,203131635,test
Buy,203136102,test
Buy,203136103,test
Buy,203136113,dev
Buy,203142438,test
Buy,203142471,dev
Buy,203150909,dev
Buy,203151776,test
Buy,203151779,test
Buy,203151930,test
Buy,203154818,test
Buy,203155653,test
Buy,203162678,dev
Buy,203165921,test
Buy,203165922,test
Buy,203166120,test
Buy,203185276,test
Buy,203198950,test
Buy,203199121,test
Buy,203201060,dev
Buy,203201062,dev
Buy,203308084,test
Buy,203322272,test
Buy,203324800,test
Buy,203324914,dev
Buy,203324965,dev
Buy,203324970,test
Buy,203329569,test
Buy,203329570,test
Buy,203340101,test
Buy,203340555,test
Buy,203340806,test
Buy,203341506,dev
Buy,203343197,test
Buy,203347464,test
Buy,203379234,test
Buy,203379237,dev
Buy,203379249,test
Buy,203379250,test
Buy,203388440,test
Buy,203388612,test
Buy,203389382,test
Buy,203389465,test
Buy,203396159,test
Buy,203396327,test
Buy,203405814,dev
Buy,203405815,test
Buy,203407043,test
Buy,203407045,test
Buy,203445749,test
Buy,203445879,test
Buy,203459314,test
Buy,203472622,dev
Buy,203474227,dev
Buy,203491687,dev
Buy,203514304,dev
Buy,203514305,dev
Buy,203514371,test
Buy,203651765,dev
Buy,203870569,dev
Buy,203884610,test
Buy,203888987,test
Buy,203897877,dev
Buy,203900180,test
Buy,203900792,test
Buy,203915639,test
Buy,203920144,test
Buy,203921172,dev
Buy,203922244,test
Buy,203928709,dev
Buy,203930685,test
Buy,203934122,test
Buy,203938179,test
Buy,203952966,dev
Buy,204020411,test
Buy,204035273,dev
Buy,204049431,dev
Buy,204049534,dev
Buy,204049780,test
Buy,204053338,test
Buy,204071217,test
Buy,204080936,test
Buy,204154429,test
Buy,204206934,dev
Buy,204206935,dev
Buy,204206936,test
Buy,204206937,dev
Buy,204219387,test
Buy,204222207,dev
Buy,204222472,test
Buy,204222662,dev
Buy,204222897,dev
Buy,204222915,test
Buy,204226641,test
Buy,204230770,dev
Buy,204238996,dev
Buy,204254634,test
Buy,204254738,test
Buy,204264643,test
Buy,204272122,test
Buy,204274644,test
Buy,204274645,test
Buy,204274660,dev
Buy,204292470,dev
Buy,204292472,test
Buy,204292473,test
Buy,204292477,dev
Buy,204295637,test
Buy,204297424,test
Buy,204318283,dev
Buy,204318286,test
Buy,204318288,test
Buy,204327516,test
Buy,204345240,dev
Buy,204348269,test
Buy,204363358,test
Buy,204389692,test
Buy,204407682,dev
Buy,204416098,test
Buy,204419878,test
Buy,204443417,dev
Buy,204448530,test
Buy,204465488,test
Buy,204505951,test
Buy,204519849,dev
Buy,204549804,dev
Buy,204556588,test
Buy,204558176,dev
Buy,204559208,test
Buy,204559209,test
Buy,204559210,test
Buy,204559211,test
Buy,204559213,dev
Buy,204559214,test
Buy,204563763,dev
Buy,204563770,dev
Buy,204563949,test
Buy,204569292,dev
Buy,204569335,test
Buy,204587803,dev
Buy,204587909,dev
Buy,204587960,test
Buy,204587971,test
Buy,204588748,dev
Buy,204636071,dev
Buy,204644752,test
Buy,204647332,test
Buy,204679142,test
Buy,204679144,dev
Buy,204734549,test
Buy,204736197,test
Buy,204740188,test
Buy,204740191,test
Buy,204740975,test
Buy,204787744,test
Buy,204787746,test
Buy,204787802,dev
Buy,204791586,dev
Buy,204791643,test
Buy,204792876,dev
Buy,204792884,test
Buy,204792885,dev
Buy,204792886,test
Buy,204793090,test
Buy,204793355,test
Buy,204793356,test
Buy,204822679,test
Buy,204823067,test
Buy,204832843,test
Buy,204849801,dev
Buy,204860316,test
Buy,204884519,dev
Buy,204937142,dev
Buy,204939361,test
Buy,205074375,test
Buy,205074757,test
Buy,205083947,test
Buy,205083968,dev
Buy,205106045,dev
Buy,205106048,dev
Buy,205121310,test
Buy,205131849,test
Buy,205144562,test
Buy,205145879,test
Buy,205466519,test
Buy,205467942,dev
Buy,205505156,dev
Buy,205516750,dev
Buy,205520997,test
Buy,205521002,dev
Buy,205554287,test
Buy,205554724,dev
Buy,205557530,dev
Buy,205557539,dev
Buy,205557540,test
Buy,205561996,test
Buy,205562000,test
Buy,205567912,test
Buy,205592435,test
Buy,205592439,test
Buy,205593354,test
Buy,205593367,dev
Buy,205599984,test
Buy,205599985,dev
Buy,205664913,test
Buy,205664938,test
Buy,205664963,dev
Buy,205664964,dev
Buy,205664966,dev
Buy,205664972,test
Buy,205664973,dev
Buy,205665803,test
Buy,205690063,dev
Buy,205691190,dev
Buy,205728900,dev
Buy,205729817,test
Buy,205753566,dev
Buy,205761272,dev
Buy,205761530,dev
Buy,205769439,test
Buy,205777541,test
Buy,205777549,test
Buy,205809367,test
Buy,205817166,test
Buy,205817784,dev
Buy,205835447,dev
Buy,205838157,test
Buy,205844265,dev
Buy,205844279,dev
Buy,205844282,dev
Buy,205844283,test
Buy,205852250,test
Buy,205852387,test
Buy,205865183,test
Buy,205865187,test
Buy,205886768,test
Buy,205888207,dev
Buy,205985716,dev
Buy,205985717,dev
Buy,205985718,test
Buy,205985719,test
Buy,205986339,test
Buy,206120294,test
Buy,206160056,test
Buy,206179521,test
Buy,206179525,test
Buy,206179562,dev
Buy,206181767,test
Buy,206356229,dev
Buy,206356230,dev
Buy,206356232,test
Buy,206356233,test
Buy,206356234,dev
Buy,206359209,dev
Buy,206362623,dev
Buy,206362747,test
Buy,206362748,dev
Buy,206362749,dev
Buy,206362873,dev
Buy,206419131,test
Buy,206460113,test
Buy,206460118,test
Buy,206460121,test
Buy,206460124,test
Buy,206462228,dev
Buy,206481908,dev
Buy,206526266,test
Buy,206575951,test
Buy,206576716,dev
Buy,206576717,test
Buy,206615080,dev
Buy,206615085,dev
Buy,206639246,dev
Buy,206671732,dev
Buy,206678505,dev
Buy,206722262,test
Buy,206722263,test
Buy,206725196,dev
Buy,206725198,dev
Buy,206725724,dev
Buy,206725964,dev
Buy,206725966,dev
Buy,206728281,test
Buy,206745972,test
Buy,206746475,dev
Buy,206761808,test
Buy,206780877,test
Buy,206783256,test
Buy,206783262,test
Buy,206808430,dev
Buy,206808431,test
Buy,206808432,dev
Buy,206808434,test
Buy,206808440,test
Buy,206808441,test
Buy,206808445,test
Buy,206812380,test
Buy,206812505,test
Buy,206827757,test
Buy,206854515,dev
Buy,206854516,test
Buy,206854534,test
Buy,206870284,dev
Buy,206870289,dev
Buy,206887553,test
Buy,206887905,test
Buy,206887992,test
Buy,206888001,test
Buy,206888011,test
Buy,206888012,test
Buy,206892248,test
Buy,206892902,test
Buy,206895864,test
Buy,206898357,test
Buy,206898358,test
Buy,206901613,test
Buy,206901618,test
Buy,206901619,test
Buy,206901652,test
Buy,206917814,test
Buy,206917815,dev
Buy,206917816,test
Buy,206917817,dev
Buy,206928359,test
Buy,206928378,dev
Buy,206928380,dev
Buy,206928384,test
Buy,206928388,test
Buy,206928390,test
Buy,206928452,test
Buy,206928604,test
Buy,206928605,dev
Buy,206928606,test
Buy,206928607,test
Buy,206928608,test
Buy,206928744,dev
Buy,207338879,dev
Buy,207338890,test
Buy,207338961,test
Buy,207383660,dev
Buy,207388752,test
Buy,207388754,dev
Buy,207388755,test
Buy,207388756,dev
Buy,207388757,test
Buy,207388758,test
Buy,207388759,dev
Buy,207388760,test
Buy,207390171,test
Buy,207390180,dev
Buy,207390184,dev
Buy,207390309,test
Buy,207390452,test
Buy,207390496,dev
Buy,207390502,dev
Buy,207390506,dev
Buy,207390507,test
Buy,207390617,dev
Buy,207390618,test
Buy,207390641,test
Buy,207390644,test
Buy,207390650,test
Buy,207390652,dev
Buy,207390654,test
Buy,207390655,dev
Buy,207390656,test
Buy,207390665,dev
Buy,207390671,dev
Buy,207390673,dev
Buy,207390682,dev
Buy,207390706,test
Buy,207390709,dev
Buy,207390710,dev
Buy,207390717,test
Buy,207391013,dev
Buy,207391014,dev
Buy,207391015,test
Buy,207391017,dev
Buy,207391018,test
Buy,207391019,dev
Buy,207391020,test
Buy,207391021,test
Buy,207391022,test
Buy,207391023,test
Buy,207391431,test
Buy,207391434,dev
Buy,207464919,test
Buy,207464920,test
Buy,207464921,dev
Buy,207464939,dev
Buy,207465587,dev
Buy,207465595,dev
Buy,207469300,test
Buy,207502093,dev
Buy,207506250,test
Buy,207506251,test
Buy,207506253,dev
Buy,207509842,test
Buy,207514417,test
Buy,207514563,test
Buy,207514566,test
Buy,207514567,dev
Buy,207514568,dev
Buy,207527632,test
Buy,207533462,dev
Buy,207534895,test
Buy,207535170,test
Buy,207535265,test
Buy,207536225,test
Buy,207536226,dev
Buy,207538225,test
Buy,207539418,dev
Buy,207540310,test
Buy,207542597,dev
Buy,207542598,test
Buy,207542599,dev
Buy,207543188,test
Buy,207543189,test
Buy,207543190,dev
Buy,207543191,test
Buy,207543192,test
Buy,207543193,test
Buy,207543196,test
Buy,207543197,dev
Buy,207543198,test
Buy,207543201,test
Buy,207544265,dev
Buy,207544306,dev
Buy,207552185,dev
Buy,207554111,dev
Buy,207595882,test
Buy,207637777,test
Buy,207637793,dev
Buy,207642166,dev
Buy,207642355,test
Buy,207642358,test
Buy,207642497,dev
Buy,207643190,test
Buy,207643194,dev
Buy,207645242,dev
Buy,207652053,dev
Buy,207652055,test
Buy,207652056,dev
Buy,207653535,dev
Buy,207653548,test
Buy,207654105,dev
Buy,207654106,test
Buy,207656388,dev
Buy,207659192,dev
Buy,207659194,test
Buy,207660497,dev
Buy,207660498,test
Buy,207660499,test
Buy,207666379,dev
Buy,207666380,dev
Buy,207666381,dev
Buy,207666382,dev
Buy,207667994,test
Buy,207667995,test
Buy,207679756,dev
Buy,207682339,dev
Buy,207682340,test
Buy,207682397,test
Buy,207686035,test
Buy,207686156,test
Buy,207686317,test
Buy,207875395,dev
Buy,207876534,test
Buy,207876535,test
Buy,207895085,dev
Buy,207897315,dev
Buy,207897840,test
Buy,207899810,dev
Buy,207899814,dev
Buy,207900170,test
Buy,207900171,dev
Buy,207900174,dev
Buy,207900175,test
Buy,207900176,test
Buy,207900177,test
Buy,207900178,dev
Buy,207900179,test
Buy,207900180,dev
Buy,207900343,dev
Buy,207907430,test
Buy,207907535,dev
Buy,207907548,test
Buy,207907550,dev
Buy,207907552,test
Buy,207907555,test
Buy,207907557,test
Buy,207907558,dev
Buy,207907559,dev
Buy,207910212,test
Buy,207910213,test
Buy,207910214,dev
Buy,207910337,dev
Buy,207910387,dev
Buy,207919773,dev
Buy,207920831,test
Buy,207925431,dev
Buy,207925432,test
Buy,207925440,dev
Buy,207927557,dev
Buy,207929461,test
Buy,207934190,test
Buy,207934191,dev
Buy,207934192,test
Buy,207935920,dev
Buy,207936135,dev
Buy,207937885,dev
Buy,207937987,dev
Buy,207938488,dev
Buy,207945552,test
Buy,207959750,test
Buy,207959798,dev
Buy,207959814,test
Buy,207965387,test
Buy,207978102,test
Buy,207979206,test
Buy,207986293,test
Buy,207986331,test
Buy,207993409,dev
Buy,208033486,test
Buy,208033806,dev
Buy,208033808,test
Buy,208033955,dev
Buy,208042911,dev
Buy,208042977,dev
Buy,208043057,dev
Buy,208079230,test
Buy,208084021,dev
Buy,208085175,test
Buy,208085178,dev
Buy,208085180,test
Buy,208085182,test
Buy,208085253,dev
Buy,208105467,test
Buy,208105573,dev
Buy,208105630,test
Buy,208111279,test
Buy,208111280,test
Buy,208111903,test
Buy,208111904,dev
Buy,208112354,test
Buy,208112355,test
Buy,208112356,test
Buy,208112357,test
Buy,208112358,dev
Buy,208114664,dev
Buy,208114670,test
Buy,208114672,dev
Buy,208114673,test
Buy,208114674,dev
Buy,208114675,dev
Buy,208114681,test
Buy,208114682,test
Buy,208114683,dev
Buy,208114686,dev
Buy,208117918,test
Buy,208117919,test
Buy,208117920,test
Buy,208117922,dev
Buy,208117924,test
Buy,208117925,dev
Buy,208117926,dev
Buy,208117929,test
Buy,208117930,dev
Buy,208117931,test
Buy,208117932,test
Buy,208117933,test
Buy,208117936,test
Buy,208117937,dev
Buy,208117938,test
Buy,208131008,test
Buy,208154550,test
Buy,208154551,test
Buy,208154765,dev
Buy,208154853,test
Buy,208154854,test
Buy,208156275,test
Buy,208156276,test
Buy,208156876,test
Buy,208156877,dev
Buy,208156878,dev
Buy,208156879,dev
Buy,208167531,test
Buy,208171630,dev
Buy,208171631,dev
Buy,208171946,test
Buy,208177785,test
Buy,208184891,test
Buy,208184892,dev
Buy,208186248,dev
Buy,208190046,dev
Buy,208226457,test
Buy,208226458,dev
Buy,208226470,test
Buy,208226689,test
Buy,208226690,test
Buy,208226692,dev
Buy,208226693,dev
Buy,208226694,test
Buy,208226695,dev
Buy,208226696,dev
Buy,208226697,dev
Buy,208226698,dev
Buy,208226699,dev
Buy,208226700,test
Buy,208237792,test
Buy,208237793,dev
Buy,208237795,dev
Buy,208270234,test
Buy,208280406,test
Buy,208289950,dev
Buy,208289990,test
Buy,208289993,test
Buy,208289997,test
Buy,208294698,test
Buy,208294701,test
Buy,208294712,dev
Buy,208294715,test
Buy,208294716,test
Buy,208294717,test
Buy,208294718,dev
Buy,208294720,test
Buy,208294722,dev
Buy,208294724,dev
Buy,208294727,dev
Buy,208294904,dev
Buy,208294927,test
Buy,208294970,dev
Buy,208295050,test
Buy,208296017,test
Buy,208342520,test
Buy,208342524,dev
Buy,208344063,dev
Buy,208370418,dev
Buy,208409750,dev
Buy,208409785,test
Buy,208410812,test
Buy,208453643,dev
Buy,208453646,test
Buy,208453648,test
Buy,208455791,test
Buy,208455792,dev
Buy,208455891,test
Buy,208455893,test
Buy,208455894,test
Buy,208455896,test
Buy,208455897,dev
Buy,208456130,test
Buy,208456185,dev
Buy,208456199,dev
Buy,208456203,test
Buy,208456215,test
Buy,208456233,test
Buy,208456262,test
Buy,208464207,test
Buy,208464825,test
Buy,208464828,test
Buy,208464837,test
Buy,208504045,test
Buy,208504099,test
Buy,208504178,dev
Buy,208504179,test
Buy,208504187,dev
Buy,208504190,test
Buy,208504191,dev
Buy,208504297,test
Buy,208504300,test
Buy,208504304,test
Buy,208504307,test
Buy,208504318,test
Buy,208504334,test
Buy,208504339,test
Buy,208504340,dev
Buy,208504345,dev
Buy,208504369,test
Buy,208504370,test
Buy,208504378,test
Buy,208504394,test
Buy,208504396,dev
Buy,208504407,dev
Buy,208504421,dev
Buy,208504422,test
Buy,208504423,test
Buy,208504429,test
Buy,208504432,dev
Buy,208504437,dev
Buy,208504461,dev
Buy,208653765,test
Buy,208653767,dev
Buy,208653775,test
Buy,208656495,test
Buy,208656497,dev
Buy,208670546,test
Buy,208670548,dev
Buy,208688474,test
Buy,208710842,dev
Buy,208710844,test
Buy,208715736,test
Buy,208715747,test
Buy,208715855,dev
Buy,208742932,test
Buy,208787116,test
Buy,208791918,test
Buy,208791919,test
Buy,208791921,test
Buy,208791922,test
Buy,208792604,test
Buy,208809705,dev
Buy,208890628,test
Buy,208890876,dev
Buy,208893644,test
Buy,208893656,test
Buy,208893658,dev
Buy,208893661,dev
Buy,208893667,test
Buy,208930714,dev
Buy,208930717,test
Buy,208930722,test
Buy,208930723,test
Buy,208937347,test
Buy,208937533,test
Buy,208937534,dev
Buy,208939028,test
Buy,208941074,test
Buy,208941075,dev
Buy,208941076,dev
Buy,208941079,dev
Buy,208941080,test
Buy,208972043,test
Buy,208973561,test
Buy,209000383,dev
Buy,209000385,test
Buy,209002546,dev
Buy,209026630,dev
Buy,209026634,dev
Buy,209026638,dev
Buy,209028436,test
Buy,209085175,dev
Buy,209085184,test
Buy,209114390,test
Buy,209114551,test
Buy,209114552,test
Buy,209114575,test
Buy,209122918,test
Buy,209122921,dev
Buy,209122924,test
Buy,209194240,test
Buy,209194241,test
Buy,209199789,dev
Buy,209208547,dev
Buy,209208655,dev
Buy,209208661,dev
Buy,209208663,test
Buy,209208718,dev
Buy,209208719,test
Buy,209245958,test
Buy,209245960,dev
Buy,209245965,dev
Buy,209253738,dev
Buy,209253739,dev
Buy,209273200,test
Buy,209297152,test
Buy,209297154,test
Buy,209297157,dev
Buy,209297200,dev
Buy,209297205,test
Buy,209301534,dev
Buy,209302310,test
Buy,209306028,test
Buy,209306029,dev
Buy,209307663,test
Buy,209310241,test
Buy,209310243,test
Buy,209310245,test
Buy,209310248,test
Buy,209310260,dev
Buy,209310268,dev
Buy,209310279,dev
Buy,209393521,test
Buy,209393872,test
Buy,209634135,test
Buy,209656935,test
Buy,209656949,dev
Buy,209656950,dev
Buy,209656951,test
Buy,209656955,test
Buy,209656956,test
Buy,209656957,test
Buy,209656959,test
Buy,209656961,test
Buy,209656962,test
Buy,209656971,test
Buy,209687172,test
Buy,209700735,test
Buy,209704118,dev
Buy,209705773,test
Buy,209705774,test
Buy,209705777,test
Buy,209705778,dev
Buy,209720586,test
Buy,209869342,test
Buy,209869989,test
Buy,209871973,dev
Buy,209890560,test
Buy,209890796,dev
Buy,209891039,dev
Buy,209891040,test
Buy,209896109,test
Buy,209896693,dev
Buy,209901963,dev
Buy,209901964,dev
Buy,209901965,test
Buy,209901966,test
Buy,209934620,test
Buy,209934621,test
Buy,209975310,dev
Buy,210190784,test
Buy,210190818,dev
Buy,210206538,test
Buy,210227260,dev
Buy,210227261,test
Buy,210227271,dev
Buy,210227282,test
Buy,210227285,test
Buy,210239335,dev
Buy,210245837,test
Buy,210251970,test
Buy,210252184,test
Buy,210252356,test
Buy,210252385,test
Buy,210254965,test
Buy,210256478,test
Buy,210258465,test
Buy,210258472,test
Buy,210259873,test
Buy,210267015,test
Buy,210399743,dev
Buy,210399745,test
Buy,210399746,dev
Buy,210399777,test
Buy,210399818,test
Buy,210399819,dev
Buy,210399849,dev
Buy,210399855,test
Buy,210399907,dev
Buy,210399915,test
Buy,210401450,dev
Buy,210401451,dev
Buy,210401458,dev
Buy,210402319,test
Buy,210402579,test
Buy,210404123,test
Buy,210435432,test
Buy,210435439,dev
Buy,210441166,test
Buy,210441817,test
Buy,210442348,test
Buy,210442350,dev
Buy,210460676,test
Buy,210461432,test
Buy,210462233,dev
Buy,210479062,dev
Buy,210490135,test
Buy,210520736,dev
Buy,210521551,test
Buy,210521578,test
Buy,210536123,dev
Buy,210566840,test
Buy,210571462,test
Buy,210634625,test
Buy,210634626,dev
Buy,210647824,test
