left_rid,right_rid,left_title,right_title,decision,human_decision,fuzzy_score,jev_score,material_diffs
5644,203023505,Sony 5 Disc CD Player - CDPCE375,Sony CDP-CE375 CD Player/Changer - CDPCE375,match,,0.8893333333333333,,
6493,203017999,Denon Stereo Tuner - TU1500RD,Denon TU-1500RD Stereo Radio Tuner - TU1500RD,match,,1.0,,
6726,203111433,KitchenAid Pasta Roller And Cutter - KPRA,KitchenAid Pasta Roller And Cutter - KPRA,match,,1.0,,
6742,202845629,Panasonic Yeast Pro Automatic Breadmaker - SDYD250,Panasonic SDYD250 Automatic Bread Maker,match,,1.0,,
7936,90104307,Panasonic Integrated Telephone System - KXTS108W,Panasonic KX-TS108W Corded Phone,match,,0.7066666666666667,,
8552,90138609,Sony 300 Disc CD Changer - CDPCX355,Sony CDP-CX355 300 Disc MegaStorage CD Changer,match,,0.8981481481481483,,
9071,203024998,Sony 400 Disc MegaStorage CD Changer - CDPCX455,Sony CDP-CX455 CD Player/Changer - CDPCX455,match,,0.8011111111111111,,
9312,90114398,Panasonic Hands-Free Headset - KXTCA86,Panasonic KX-TCA86 Headset,match,,0.7971085963455149,,
9314,90138520,Panasonic Hands Free Headset - KXTCA92,Panasonic KX-TCA92 Headset,match,,0.7971085963455149,,
10640,203024425,Denon Semi-Automatic Turntable - Black Finish - DP29F,Denon DP-29F Analog Record Turntable - DP29F,match,,0.8232851207878135,,
11338,90140166,Sony Xplod 10-Disc Add-On CD/MP3 Changer - CDX565MXRF,Sony CDX-565MXRF 10-Disc CD/MP3 Changer,match,,0.9361660079051383,,
13202,10379358,Panasonic Laser Toner Cartridge - KXFA83,Panasonic Black Toner Cartridge - KX-FA83,match,,0.9204585537918872,,
13213,203025617,Sony Compact Disc Player/Recorder - RCDW500C,Sony Compact Disc Player/Recorder - RCDW500C,review,accepted,1.0,,quantity differs (4 vs 1)
13580,90125772,Sanus WMS3B Black Weather Resistant Small Speaker Wall Mount - WMS3B,Sanus Speaker Mount - WMS3B BLACK,match,,1.0,,
13581,90125786,Sanus WMS3S Silver Weather Resistant Small Speaker Wall Mount - WMS3S,Sanus Wall/Ceiling Speaker Mount - WMS3S SILVER,match,,1.0,,
14061,203025423,Kenwood 6-Disc CD Changer - KDCC669,Kenwood KDC-C669 Car CD Changer - KDCC669,match,,0.9706140350877193,,
14715,203021705,Toshiba Rechargeable 5-Hour Battery Pack - MEDB05LX,Toshiba Lithium Ion Portable DVD Player Battery - MEDB05LX,match,,0.8368119266055045,,
15452,90136420,Sony Stereo Audio Receiver - STRDE197,Sony STR-DE197 - AV Receiver - 100 Watts per Channel,match,,0.7443749340090804,,
16309,203022472,Sony Super Audio CD Player - SCDCE595,Sony SCD-CE595 CD Player - SCDCE595,match,,0.9694444444444443,,
16668,90148258,Omnimount TV Top Shelf Mount - CCH1P,OmniMount TV Top Shelf Mount - CCH1P,match,,1.0,,
16765,204569335,Frigidaire 27' Electric Stack Washer Dryer Combo - FEX831WH,Frigidaire 27'' Electric Stack Washer Dryer Combo - FEX831WH Extra-Large Capacity Wash Tub,match,,1.0,,
16877,202434158,Sony Digital Photo Printer Paper 40 Pack - SVMF40P,Sony Print Paper - SVMF40P,match,,0.9373569794050344,,
17067,90140498,Canon Rechargeable Battery - 9763A001,Canon NB-4L Rechargeable Camera Battery - 9763A001,match,,1.0,,
17187,202041204,Universal IR/RF Remote - MX350,Universal MX-350 Osiris Remote Control - MX350,match,,0.9526315789473684,,
17191,202041195,Universal IR/RF Aeros Remote Control- MX850 - MX850,Universal Aeros IR/RF Remote Control - MX850,match,,1.0,,
17372,10363243,Belkin AC Anywhere - F5C400300W,Belkin AC Anywhere 300W Power Inverter - F5C400-300W,match,,0.8459381644223956,,
17479,90145972,Weber Performer 22-1/2' Charcoal Grill - 841001,Weber 841001 Performer 22.5' Charcoal Grill in Black,match,,0.9916171904111291,,
17596,90139261,Sanus 13' - 30' Flat Panel TV Black Wall Mount - VM1B,Sanus Flat Panel TV Wall Mount - VM1B,match,,1.0,,
17872,90145561,Sanus 15' - 40' Flat Panel TV Silver Wall Mount - VM400S,Sanus Flat Panel TV Wall Mount - VM400S,match,,1.0,,
17873,90145584,Sanus 15' - 40' Flat Panel TV Black Wall Mount - VM400B,Sanus Flat Panel TV Wall Mount - VM400B,match,,1.0,,
17906,204274644,Frigidaire Electric Dryer - FEQ1442WH,Frigidaire Electric Dryer - FEQ1442WH 5.8 Cubic Foot Super Capacity Drum,match,,0.9742702251876564,,
18524,90145909,Weber Performer 22-1/2' Charcoal Grill - 848001,Weber 848001 Performer 22.5' Charcoal Grill in Dark Blue,match,,0.9662903278279635,,
18960,202067544,Nikon AF Speedlight Accessory - SB600,Nikon Speedlight SB-600 AF Flash Light - 4802,match,,0.7645121951219512,,
19141,90145586,Sanus Universal Projector Ceiling Mount - Black Finish - VMPR1B,Sanus Universal Projector Ceiling Mount - VMPR1B,match,,1.0,,
19604,203025446,Kenwood iPod Mobile Interface - KCAIP500,Kenwood KCA-IP500 iPod Interface/Controller - KCAIP500,match,,0.9202127659574466,,
19672,203088013,Sony 400-Disc DVD/SA-CD/CD Mega Changer - DVPCX995V,Sony DVPCX995V DVD Player,match,,0.7917611336032389,,
19676,90145560,Sanus 32' - 84' Flat Panel TV Black Tilting Wall Mount - VMPL3B,Sanus VisionMount Flat Panel TV Wall Mount - VMPL3B,match,,0.9640259740259741,,
20447,90128026,Sony DVD-R Recordable Camcorder Media - 3DMR30L1H,Sony Mini DVD-R Media - 3DMR30L1H,match,,1.0,,
20448,10377226,Sony VAIO Neoprene Laptop Carrying Case - Black Finish - VGPAMC3,Sony Notebook and AC Adapter Cases - VGPAMC3,match,,0.8355870020964361,,
20458,201953021,Canon Cyan Photo Ink Cartridge - Cyan - CLI8PC,Canon CLI-8PC Photo Cyan Ink Cartridge - 0624B002,match,,0.89686187299234,,
20459,201953025,Canon Magenta Photo Ink Cartridge - Magenta - CLI8PM,Canon CLI-8PM Photo Magenta Ink Cartridge - 0625B002,match,,0.8866550116550117,,
20461,201692679,Canon Yellow Ink Cartridge - Yellow - CLI8Y,Canon CLI-8Y Ink Cartridge - 0623B002,match,,0.7998863636363637,,
20532,90105654,Belkin Pro Series 16 Ft. USB 2.0 Cable - F3U13316,BELKIN PRO SERIES USB DEVICE CABLE 16 - F3U133-16,match,,0.9396938775510203,,
21047,10373002,Sony VAIO Neoprene Notebook With AC Adapter Case - Black Finish - VGPAMC2,Sony VAIO Notebook and AC Adapter Case - VGPAMC2,match,,1.0,,
21297,202070149,Sony Memory Stick Duo Replacement Adaptor - Silver/Blue Finish - MSACM2,Sony Memory Stick Duo Replacement Adapter - MSACM2,match,,1.0,,
21989,204274645,Frigidaire Electric White Dryer - FEQ332WH,Frigidaire Electric Dryer - FEQ332WH 5.7 Cu.Ft. Super Capacity Drum,match,,0.935067684608969,,
22100,201953026,Canon High Capacity Color Ink Cartridge - Color Ink - CL51,"Canon CL-51 High Capacity Color Ink Cartridge For PIXMA MP450, PIXMA iP6210D and PIXMA iP6220D Printers - 0618B002",match,,0.8774127848356523,,
22101,201953039,Canon Photo Ink Cartridge - CL52,Canon CL-52 Photo Ink Cartridge For PIXMA iP6210D and PIXMA iP6220D Printers - 0619B002,match,,0.8337131462754594,,
22242,203198950,Cuisinart Programmable Coffeemaker - Stainless Steel Finish - DCC2000,"DCC-2000 Coffee Maker (12 Cup, Stainless Steel)",match,,0.7139283940168896,,
22306,202291459,Sanus Center Channel Speaker Mount - Black Finish - VMCC1B,Sanus Center Channel Speaker Mount - VMCC1B,match,,1.0,,
22382,90131941,Sanus 32' - 50' Flat Panel TV Black Wall Mount - VMPL50B,Sanus Flat Panel TV Wall Mount - VMPL50-B,match,,0.9368650455528609,,
22558,10412590,Netgear RangeMax Wireless Access Point - White Finish - WPN802NA,Netgear RangeMax WPN802 Wireless Access Point - WPN802NA,match,,1.0,,
22729,202473822,Sony Lightweight Tripod - Black Finish - VCTR100,SONY COMPACT TRIPOD 14'/39' *NIC* - VCTR100,match,,0.8189269746646797,,
22940,203472622,Panasonic Plain Paper Fax/Copier With All-Digital Answering System - Silver Finish - KXFP145,Panasonic KX-FP145 Plain Paper Thermal Transfer Fax/Copier - KXFP145,match,,0.8723863636363636,,
23006,202456880,Tivo Wireless Adapter - AG0100,Tivo AG0100 Wireless G USB Network Adapter,match,,1.0,,
23325,202456903,TiVo Series2 Dual Tuner Digital Video Recorder - TCD649080,TiVo TCD649080 - Series2 Digital Video Recorder - Up to 80 Hours Capacity,match,,0.9843456924754633,,
23537,203069939,Universal RF Series MasterControl Remote Control - RF20,Universal MasterControl Universal Learning Remote Control - RF20,match,,1.0,,
23651,202784323,Pioneer 6.5' 2-Way Marine White Speakers - TSMR1640,Pioneer Nautica TS-MR1640 Marine Speaker - TS-MR1640,match,,0.7938618925831201,,
23658,203065730,Apple USB Modem - White Finish - MA034ZA,Apple V.92 Data/Fax USB Modem - MA034ZA,match,,0.9070373719107896,,
23837,202635467,Sony Learning Remote Control - Silver Finish - RMVL600,Sony Learning Remote Control - RMVL600,match,,1.0,,
24316,204569292,Whirlpool Duet Sport 27' White Electric Dryer - WED8300SWH,Whirlpool Duet Sport 27'' Electric Dryer - WED8300SWH 6.7 Cubic Foot Capacity,match,,1.0,,
24368,202899996,Panasonic Digital Camera Battery - CGAS007A1B,Panasonic CGA-S007A/1B Lithium Ion Digital Camera Battery,match,,0.8462745098039215,,
24386,203340101,Nikon Rechargeable Li-Ion Battery - Black Finish - 25334,Nikon EN-EL3e Lithium Ion Digital Camera Battery - 25334,match,,0.7878571428571428,,
24402,203897877,KitchenAid 5-Speed Blender - Red Finish - KSB560ER,KitchenAid 5-Speed Blender - Red Finish - KSB560ER,match,,1.0,,
24571,202537967,Panasonic 2 Line 5.8 GHz FHSS GigaRange Expandable Digital Cordless Answering System - Black Finish - KXTG6700B,Panasonic KX-TG6700B Cordless Telephone,match,,0.6429605263157894,,
24693,203087681,Denon Fully Automatic Analog Turntable - DP300F,Denon DP-300F Analog Record Turntable - DP300F,match,,0.9314236838430386,,
24825,202900025,Panasonic Plain Paper Fax/Copier With Cordless Phone Answering System - Grey Finish - KXFG2451,Panasonic KX-FG2451 Plain Paper Thermal Transfer Fax/Copier - KX-FG2451,match,,0.7583742025518341,,
25136,203087638,Denon 5 Disc CD Player - Black Finish - DCM390,Denon DCM-390 5 Disc CD Changer - DCM390,match,,0.9252906976744185,,
25291,203308084,Sirius Sportster 4 With Car Kit - SP4TK1,Directed Electronics Sportster 4 Sirius Satellite Radio Receiver - SP4TK1,match,,0.958824942063616,,one title looks like a bundle/kit
25364,203201060,Olympus Digital Camera Neoprene Soft Case - Black With Grey Finish - 202066,Olympus Neoprene Soft Camera Case - 202066,match,,1.0,,
25388,90145568,Sanus 9' - 17' VisionMount Series Under Cabinet Flat Panel TV Silver Wall Mount - VMUC1S,Sanus Under Cabinet LCD TV Mount - VMUC1S,match,,0.9447520982954054,,
25413,90049795,Sony MiniDV Cleaning Cassette - DVM12CLD,Sony MiniDV Head Cleaner - DVM12CLD,match,,1.0,,
25550,202827713,Sanus 15' To 40' Flat Panel Black TV Wall Mount - ML22B1,Sanus VisionMount Flat Panel TV Wall Mount - ML22-B1,match,,0.8665094339622641,,
25670,203389465,Olympus Lithium Ion Rechargeable Battery - LI42B,Olympus LI-42B Lithium Ion Digital Camera Battery - 202034,match,,0.8133178142612105,,
25732,203341506,Olympus Premium Slim Leather Case In Black - 202087,Olympus Slim Leather Case - 202087,match,,1.0,,
25749,202827715,Sanus 15' - 40' VisionMount Flat Panel TV Black Wall Mount - MT25B1,Sanus VisionMount Tilting Flat Panel TV Wall Mount - MT25-B1,match,,0.9155384615384614,,
25776,90114631,Sony Lightweight Tripod - Black Finish - VCTR640,Sony VCT-R640 Tripod - VCTR640,match,,0.9073098470157294,,
25813,202973389,Tech Craft Avalon Series TV Stand - Black Finish - ABS32,Techcraft Veneto Series ABS32 TV Stand,match,,0.9292751532636134,,
25814,202973396,Tech Craft Avalon Series TV Stand - SWP48,Techcraft Veneto Series SWP48 TV Stand,match,,0.9742616033755275,,
25950,202870170,Garmin 010-10702-00 Black GA 25MCX Remote GPS Antenna - 0101070200,Garmin GA 25MCX Low Profile Remote GPS Antenna - 010-10702-00,match,,1.0,,
25990,203915639,Frigidaire 24' PLD4375RFC Built-In Stainless Steel Dishwasher - PLD4375SS,"PLD4375RFC Professional SpeedClean 24-in. Under Counter Dishwasher (14 Place Settings, Stainless Steel)",match,,0.7938766801792192,,
26059,203870569,Garmin 010-10823-00 Black Nuvi 660 Vehicle Suction Cup Mount - 0101082300,Garmin Suction Cup Mount - 010-10823-00,match,,1.0,,
26082,204274660,Whirlpool WED6400SB Cabrio Super Capacity Plus Electric Black Dryer - WED6400SBK,WED6400SB Cabrio Super Capacity Plus Electric Black Dryer,match,,1.0,,
26137,204272122,Panasonic SR-NA18 White Deluxe Fuzzy Logic Rice Cooker - SRNA18,Panasonic SR-NA18 10-Cup Rice Cooker/Warmer with Advanced Fuzzy Logic Technology,match,,0.8338205608824166,,
26350,202537952,Panasonic KX-TGA450B Black 5.8 GHz Cordless Handset - KXTGA450B,Panasonic KX-TGA450B Cordless Handset,match,,1.0,,
26461,200924629,Linksys Wireless-G VPN Broadband Silver Router - WRV54G,Linksys WRV54G Wireless-G VPN Broadband Router,match,,1.0,,
26617,201692705,Canon PGI-5BK Black Ink Tank Cartridge - PGI5BK,Canon PGI-5BK Black Ink Cartridge - 0628B002,match,,0.9957808805118933,,
26622,203201062,Canon Charger And Rechargable AA Battery Kit - 1169B001,Canon Battery and Charger Kit - 1169B001,match,,1.0,,
26805,203900180,Tech Craft ABS48 Antique Black Avalon Series 48' TV Stand - ABS48,"ABS48 Wood TV Stand (Avalon Series, 48-in. Max)",match,,0.9660774410774411,,
26861,203388612,Sirius ST4-TK1 Starmate 4 Radio With Car Kit - ST4TK1,Directed Electronics Starmate 4 Sirius Satellite Radio Receiver - ST4TK1,match,,0.8575158371040723,,one title looks like a bundle/kit
27188,204292472,Weber Stainless Steel Genesis S-310 Liquid Propane Grill - 3770001,Weber Genesis Series 3770001 60' Freestanding Gas Grill,match,,0.7711904761904761,,
27188,204292473,Weber Stainless Steel Genesis S-310 Liquid Propane Grill - 3770001,Weber Genesis Series S-310 60' Freestanding Gas Grill,match,,0.7942493946731234,,
27194,204318283,Weber Stainless Steel Genesis S320 LP Grill - 3780001,Weber Genesis S-320 3780001 60' Freestanding Gas Grill,match,,0.7789368650217707,,
27194,204318288,Weber Stainless Steel Genesis S320 LP Grill - 3780001,"Weber Genesis S-320 3880001 60' Freestanding Gas Grill with 637 sq. in. Cooking Surface, 3 Stainless Steel Burners, Flush-Mounted Side Burner & Stainless Steel Shroud: Natural Gas",match,,0.7142343276192834,,
27197,204318288,Weber Stainless Steel Genesis S320 Natural Gas Grill - 3880001,"Weber Genesis S-320 3880001 60' Freestanding Gas Grill with 637 sq. in. Cooking Surface, 3 Stainless Steel Burners, Flush-Mounted Side Burner & Stainless Steel Shroud: Natural Gas",match,,0.8374386252045828,,
27197,204318283,Weber Stainless Steel Genesis S320 Natural Gas Grill - 3880001,Weber Genesis S-320 3780001 60' Freestanding Gas Grill,match,,0.7406832298136646,,
27248,10246269,Belkin F3H982-10 Pro Series High Integrity 10 Feet Monitor Cable - F3H98210,Belkin Pro Series High Integrity VGA/SVGA Monitor Extension Cable - F3H982-10,match,,1.0,,
27364,204791586,Kenwood KCA-IP200 Black iPod Direct Cable - KCAIP200,Kenwood iPod Direct Cable - kcaip200,match,,1.0,,
27407,203930685,Sony SCPH-98046 PlayStation 3 Blu-Ray DVD Remote Control - 711719804604,Sony Playstation 3 Blu-Ray DVD Remote - 98046,match,,1.0,,
27479,10351869,Tripp-Lite PV375 PowerVerter 375-Watt Ultra-Compact Inverter - PV375,Tripp Lite PowerVerter 375-Watt Ultra-Compact Inverter - PV375,match,,0.8948134539287733,,
27501,203928709,Sirius FMDA25 Wired FM Modulation Relay - FMDA25,SIRIUS FMDA25 Wired FM Relay Kit,match,,1.0,,one title looks like a bundle/kit
27589,204264643,Frigidaire Professional 24' PLD4555RFC Built-In Stainless Steel Dishwasher - PLD4555SS,"PLD4555RFC Professional SpeedClean 24-in. Under Counter Dishwasher (14 Place Settings, Stainless Steel, Energy Star)",match,,0.8356399920374241,,
27739,204644752,Electrolux Oxygen 3 Canister HEPA H12 Filter - EL012A,Electrolux Homecare #EL012A Electro H12 Hepa Filter,match,,0.9284623932623698,,
27771,202592070,Fellowes Confetti Cut Shredder - W11C,Fellowes Powershred Personal W11C Shredder - 30100,match,,0.8847736480120595,,
27783,202293522,Sony VAIO VGP-PRSZ1 SZ Series Docking Station - VGPPRSZ1,Sony VAIO SZ Series Docking Station - VGPPRSZ1,match,,1.0,,
27789,204318286,Weber Genesis E-310 Liquid Propane Black Outdoor Grill - 3741001,Weber Genesis Series E-310 3841001 60' Freestanding Gas Grill with 637 sq. in. Cooking Surface & 3 Stainless Steel Burners: Black Natural Gas,match,,0.7007953937406788,,
27793,204292473,Weber Genesis S-310 Natural Gas Stainless Steel Outdoor Grill - 3870001,Weber Genesis Series S-310 60' Freestanding Gas Grill,match,,0.8247193186217576,,
27810,204563770,Sony Progressive Scan Black DVD Player - DVPNS57PB,Sony DVPNS57P DVD Player - DVPNS57PB,match,,0.9708471760797341,,
27840,203379249,LG 14' Washer And Dryer Red Pedestal With Drawer - WDP3R,LG Electronics WDP3 Laundry Pedestal with Drawer -W/ B/ S/ N / WDP3R - Wild Cherry,match,,0.8056981237580757,,
27853,202985798,LG Laundry Remote Monitor - RLM20K,LG Electronics RLM20K Remote Laundry Monitoring System,match,,0.9780956112852665,,
27857,204035273,Transcend 2GB Micro SD Memory Card - TS2GUSD,Transcend 2GB microSD Card - TS2GUSD,match,,1.0,,
27975,10360978,Belkin F3H982-25 Black 25 Ft Pro Series High Integrity VGA/SVGA Monitor Replacement Cable - F3H98225,Belkin Monitor Cable - F3H982-25,match,,0.970995670995671,,
28033,204448530,Sony MDR-NC22/BLK Black Noise Canceling Headphones - MDRNC22,Sony Noise Cancelling Earphone - MDRNC22/BLK,match,,0.9311538461538462,,
28137,204254634,Sony InfoLithium H Series Standard Rechargeable Battery Pack - NPFH70,Sony InfoLithium H-Series NP-FH70 Camcorder Battery - NPFH70,match,,0.9209302325581394,,
28138,204327516,Sony NP-FH100 InfoLithium H Series Standard Rechargeable Battery Pack - NPFH100,Sony NP-FH100 Lithium Ion Camcorder Battery - NPFH100,match,,0.9637445887445889,,
28175,204318286,Weber Genesis E-310 Natural Gas Black Outdoor Grill - 3841001,Weber Genesis Series E-310 3841001 60' Freestanding Gas Grill with 637 sq. in. Cooking Surface & 3 Stainless Steel Burners: Black Natural Gas,match,,0.8808315295815297,,
28205,204419878,Panasonic KX-TG6702B 5.8 GHz FHSS GigaRange Expandable Black Cordless Phone System - KXTG6702B,Panasonic KX-TG6702B Cordless Telephone - KX-TG6702B,match,,0.8984589041095892,,
28256,204563763,Sony SLV-D380P Black DVD VHS Combo Player - SLVD380P,Sony SLVD380P DVD/VCR Combo,match,,0.9153045312786644,,
28304,203405814,Fellowes MicroShred Shredder - MS450CS,Fellowes MicroShred MS-450Cs Shredder - 3245001,match,,0.9166386554621848,,
28350,204206935,Panasonic Silver Dect 6.0 Cordless Telephone - KXTG1033S,Panasonic KX-TG1033S Digital Cordless Phone with Three Handsets,match,,0.7142533936651584,,
28366,204254738,Sony Progressive Scan Silver DVD Player - DVPNS57PS,Sony DVPNS57P DVD Player - DVPNS57PS,match,,0.9745894909688013,,
28433,203142438,Sony MRW62E/S1/181 17-In-1 External USB Memory Card Reader - MRW62ES1181,Sony 17-in-1 External USB Memory Card Reader And Writer - MRW62E/S1/181,match,,1.0,,
28500,203445749,Sony MS-A1GD 1GB Memory Stick Micro (M2) - MSA1GD,Sony 1GB Memory Stick Micro (M2) Card - MSA1GD,match,,1.0,,
28554,204443417,Olympus PS-BLS1 Lithium Ion Rechargeable Battery - LIIONPSBLS1,Olympus PS-BLS1 Lithium Ion Digital Camera Battery - 260236,match,,0.906379132231405,,
28963,202106724,Sirius External Home Antenna - 14240,Sirius Outdoor Home Antenna - 14240,match,,1.0,,
28980,204559211,Panasonic Stainless Steel Luxury Full Size Countertop Microwave Oven - NNSD967SS,Panasonic 2.2 cu. ft. Stainless Steel Luxury Full Size Countertop Microwave Oven - NNSD967SS,match,,1.0,,
29007,204792885,LG DLG2526W White Super Capacity Gas Dryer - DLG2526WH,"LG Electronics DLG2526W 27' Gas Dryer with 7.0 cu. ft. Capacity, 5 Dry Programs, 5 Temperature Controls, 5 Drying Levels and Sensor Dry System",match,,0.7294778138528139,,
29099,204222472,Olympus Silver Digital Voice Recorder - VN4100PC,Olympus VN-4100PC 256MB Digital Voice Recorder - 141927,match,,0.8461904761904762,,
29231,204206936,Panasonic Expandable Digital Cordless DECT 6.0 Answering System In Silver - KXTG1034S,Panasonic KX-TG1034S DECT 6.0 Cordless Phone - KX-TG1034S,match,,0.8750585048754063,,
29238,204206937,Panasonic Expandable Digital Cordless DECT 6.0 Handset In Silver - KXTGA101S,Panasonic KX-TGA101S DECT 6.0 Expansion Handset,match,,0.8435975609756097,,
29273,202070807,Kensington MicroSaver Keyed Notebook Lock - 64068F,Kensington MicroSaver Notebook Lock - 64068F,match,,1.0,,
29338,202143947,Sony Memory Stick USB Adaptor - MSACUS40,Sony Memory Stick USB Card Reader/Writer - MSACUS40,match,,1.0,,
29339,203888987,Panasonic Silver Rice Cooker/Warmer - SRTMB10,Panasonic Srtmb10/Rice Cooker/5.5cup/Fuzzy - SR-TMB10,match,,0.8056632653061223,,
29392,204295637,Audiovox 9' LCD Drop Down TV With Built-In DVD - VE927,Audiovox VE927 9' TV/DVD Combo,match,,0.9047560975609756,,one title looks like a bundle/kit
29574,204559209,Panasonic NNSD767S Stainless Steel Countertop Microwave Oven - NNSD767SS,Panasonic NNSD767S 1.6 cu. ft. Stainless Steel Countertop Microwave Oven,match,,0.9924242424242424,,
29758,201953029,Canon Black Ink Cartridge - PG50,Canon PG-50 High Capacity Black Ink Cartridge For PIXMA MP450 Printer - 0616B002,match,,0.8332929782082324,,
29806,202755491,Panasonic White Integrated Telephone System - KXTS600W,Panasonic KX-TS600W Basic Telephone,match,,0.7333801498127341,,
29820,202882380,Linksys Wireless N Access Point - WAP4400N,Linksys WAP4400N Wireless-N Access Point With POE - WAP4400N,match,,1.0,,
29823,204792884,LG DLE2516W White Super Capacity Electric Dryer - DLE2516WH,LG Electronics DLE2516W 27' Electric Dryer,match,,0.8509203980099503,,
29902,205144562,TiVo HD Digital Video Recorder (180 Hour) - TCD652160,TiVo HD Digital Video Recorder - Up to 20 Hours in HD! - TCD652160,match,,0.9994766912731318,,
29950,204559210,Panasonic NNSD797S Stainless Steel Countertop Microwave Oven - NNSD797SS,Panasonic NNSD797S 1.6 cu. ft. Genius Prestige Inverter Stainless Steel Microwave Oven,match,,0.8670261010565959,,
30158,204937142,LaCie 1TB FireWire 800/FireWire 400/USB 2.0 External Hard Drive - 301199U,LaCie Big Disk Extreme+ Hard Drive - 301199U,match,,0.8095926196565584,,
30389,202813304,Apple Mini-DVI To DVI Adapter - M9321GB,Apple DVI to mini-DVI Video Cable Adapter - M9321GB,match,,1.0,,
30436,204505951,Olympus DS40 Digital Voice Recorder - DS40R,Olympus DS-40 512MB Digital Voice Recorder - 141910,match,,0.8968787878787879,,
30585,204206934,Panasonic Expandable Digital Cordless DECT 6.0 Phone System - KXTG1032S,Panasonic KX-TG1032S Dual Handset Digital Cordless Phone,match,,0.7897075365579302,,
30591,204849801,Audiovox XpressEZ XM Satellite Radio Receiver - XMCK5P,Audiovox XMCK5P EXPRESSEZ Satellite Radio - XMCK5P,match,,1.0,,
30593,204860316,Audiovox XpressR XM Satellite Radio Receiver - XMCK20P,Audiovox Xpress R XM Radio Receiver with Vehicle Kit XMCK20P,match,,1.0,,one title looks like a bundle/kit
30708,205083947,Uniden DECT 6.0 Cordless Digital Answering System - DECT20802,Uniden DECT 6.0 1.9GHz Cordless Phone - DECT2080-2,match,,0.8451923076923077,,
30957,202046565,Linksys Wireless-G Broadband Router - WRT54GL,Linksys Wireless-G WRT54GL Broadband Router,match,,1.0,,
31273,203086857,Sony Universal Remote Commander Remote Control - RMV310,Sony Remote Control - RMV310,match,,1.0,,
31337,203884610,Sirius SiriusConnect Home Tuner - SCH1,Directed Electronics SCH1 SiriusConnect Home Tuner,match,,1.0,,
31414,204222915,Sanus 15' - 32' Flat Panel TV Black Wall Mount - MF209B1,Sanus MF209-B1 Full Motion Wall TV Mount,match,,0.7368568988828008,,
31881,203514371,Linksys Wireless-G PrintServer - WPSM54G,Linksys WPSM54G Wireless-G USB Print Server,match,,1.0,,
31992,203952966,Transcend 4GB Secure Digital High-Capacity (SDHC) Class 6 Memory Card - TS4GSDHC6,Transcend 4GB Secure Digital High Capacity (SDHC) Card - Class 6 - TS4GSDHC6,match,,1.0,,
32034,10333368,Kensington Orbit Optical Trackball Mouse - 64327,Kensington Orbit Optical Trackball - USB w/PS2 Adapter - 64327,match,,1.0,,one title looks like an accessory
32315,205083968,Uniden Dect 6.0 Accessory Handset And Charging Cradle - DCX200,UNIDEN DCX200 DECT 6.0 Accessory Handset & Charger,match,,1.0,,
32322,203405815,Fellowes Personal Powershred Shredder - SB97CS,Fellowes Powershred Personal SB-97Cs Confetti Cut Shredder - 3219701,match,,0.8720639834881321,,
32405,203938179,Transcend JetFlash V10 8GB USB Flash Drive - TS8GJFV10,Transcend 8GB JetFlash V10 USB Flash Drive - TS8GJFV10,match,,1.0,,
